{
    "$schema": "https://schema.management.azure.com/schemas/2019-04-01/deploymentTemplate.json#",
    "contentVersion": "1.0.0.0",
    "parameters": {
        "namespaces_MySmartHomeNamespace_name": {
            "defaultValue": "MySmartHomeNamespace",
            "type": "String"
        },
        "storageAccounts_mysmarthomedatalake_name": {
            "defaultValue": "mysmarthomedatalake",
            "type": "String"
        },
        "databaseAccounts_mysmarthomecosmosdb_name": {
            "defaultValue": "mysmarthomecosmosdb",
            "type": "String"
        },
        "streamingjobs_MySmartHomeStreamAnalytics_name": {
            "defaultValue": "MySmartHomeStreamAnalytics",
            "type": "String"
        }
    },
    "variables": {},
    "resources": [
        {
            "type": "Microsoft.DocumentDB/databaseAccounts",
            "apiVersion": "2024-09-01-preview",
            "name": "[parameters('databaseAccounts_mysmarthomecosmosdb_name')]",
            "location": "Central India",
            "tags": {
                "defaultExperience": "Core (SQL)",
                "hidden-cosmos-mmspecial": ""
            },
            "kind": "GlobalDocumentDB",
            "identity": {
                "type": "None"
            },
            "properties": {
                "publicNetworkAccess": "Enabled",
                "enableAutomaticFailover": false,
                "enableMultipleWriteLocations": false,
                "isVirtualNetworkFilterEnabled": false,
                "virtualNetworkRules": [],
                "disableKeyBasedMetadataWriteAccess": false,
                "enableFreeTier": true,
                "enableAnalyticalStorage": false,
                "analyticalStorageConfiguration": {
                    "schemaType": "WellDefined"
                },
                "databaseAccountOfferType": "Standard",
                "enableMaterializedViews": false,
                "capacityMode": "Provisioned",
                "defaultIdentity": "FirstPartyIdentity",
                "networkAclBypass": "None",
                "disableLocalAuth": false,
                "enablePartitionMerge": false,
                "enablePerRegionPerPartitionAutoscale": true,
                "enableBurstCapacity": false,
                "enablePriorityBasedExecution": false,
                "defaultPriorityLevel": "High",
                "minimalTlsVersion": "Tls12",
                "consistencyPolicy": {
                    "defaultConsistencyLevel": "Session",
                    "maxIntervalInSeconds": 5,
                    "maxStalenessPrefix": 100
                },
                "locations": [
                    {
                        "locationName": "Central India",
                        "failoverPriority": 0,
                        "isZoneRedundant": false
                    }
                ],
                "cors": [],
                "capabilities": [],
                "ipRules": [],
                "backupPolicy": {
                    "type": "Periodic",
                    "periodicModeProperties": {
                        "backupIntervalInMinutes": 240,
                        "backupRetentionIntervalInHours": 8,
                        "backupStorageRedundancy": "Local"
                    }
                },
                "networkAclBypassResourceIds": [],
                "diagnosticLogSettings": {
                    "enableFullTextQuery": "None"
                },
                "capacity": {
                    "totalThroughputLimit": 1000
                }
            }
        },
        {
            "type": "Microsoft.EventHub/namespaces",
            "apiVersion": "2024-05-01-preview",
            "name": "[parameters('namespaces_MySmartHomeNamespace_name')]",
            "location": "eastus",
            "tags": {
                "MySmartHomeEventHub": ""
            },
            "sku": {
                "name": "Basic",
                "tier": "Basic",
                "capacity": 1
            },
            "properties": {
                "geoDataReplication": {
                    "maxReplicationLagDurationInSeconds": 0,
                    "locations": [
                        {
                            "locationName": "eastus",
                            "roleType": "Primary"
                        }
                    ]
                },
                "minimumTlsVersion": "1.0",
                "publicNetworkAccess": "Enabled",
                "disableLocalAuth": false,
                "zoneRedundant": true,
                "isAutoInflateEnabled": false,
                "maximumThroughputUnits": 0,
                "kafkaEnabled": true
            }
        },
        {
            "type": "Microsoft.Storage/storageAccounts",
            "apiVersion": "2023-05-01",
            "name": "[parameters('storageAccounts_mysmarthomedatalake_name')]",
            "location": "centralindia",
            "sku": {
                "name": "Standard_LRS",
                "tier": "Standard"
            },
            "kind": "StorageV2",
            "properties": {
                "dnsEndpointType": "Standard",
                "defaultToOAuthAuthentication": false,
                "publicNetworkAccess": "Enabled",
                "allowCrossTenantReplication": false,
                "isSftpEnabled": false,
                "minimumTlsVersion": "TLS1_2",
                "allowBlobPublicAccess": false,
                "allowSharedKeyAccess": true,
                "largeFileSharesState": "Enabled",
                "isHnsEnabled": true,
                "networkAcls": {
                    "bypass": "AzureServices",
                    "virtualNetworkRules": [],
                    "ipRules": [],
                    "defaultAction": "Allow"
                },
                "supportsHttpsTrafficOnly": true,
                "encryption": {
                    "requireInfrastructureEncryption": false,
                    "services": {
                        "file": {
                            "keyType": "Account",
                            "enabled": true
                        },
                        "blob": {
                            "keyType": "Account",
                            "enabled": true
                        }
                    },
                    "keySource": "Microsoft.Storage"
                },
                "accessTier": "Cold"
            }
        },
        {
            "type": "Microsoft.StreamAnalytics/streamingjobs",
            "apiVersion": "2021-10-01-preview",
            "name": "[parameters('streamingjobs_MySmartHomeStreamAnalytics_name')]",
            "location": "Central India",
            "tags": {
                "hidden-link:/Microsoft.StreamAnalytics/streamingjobs/settings": "{\"createdFrom\":\"Portal\"}"
            },
            "sku": {
                "name": "StandardV2",
                "capacity": 10
            },
            "identity": {
                "type": "SystemAssigned"
            },
            "properties": {
                "sku": {
                    "name": "StandardV2"
                },
                "outputStartMode": "JobStartTime",
                "outputStartTime": "2025-02-10T10:02:05.083Z",
                "eventsOutOfOrderPolicy": "Adjust",
                "outputErrorPolicy": "Stop",
                "eventsOutOfOrderMaxDelayInSeconds": 0,
                "eventsLateArrivalMaxDelayInSeconds": 5,
                "dataLocale": "en-US",
                "compatibilityLevel": "1.2",
                "contentStoragePolicy": "SystemAccount",
                "jobType": "Cloud"
            }
        },
        {
            "type": "Microsoft.DocumentDB/databaseAccounts/sqlDatabases",
            "apiVersion": "2024-09-01-preview",
            "name": "[concat(parameters('databaseAccounts_mysmarthomecosmosdb_name'), '/SmartHomeAnalytics')]",
            "dependsOn": [
                "[resourceId('Microsoft.DocumentDB/databaseAccounts', parameters('databaseAccounts_mysmarthomecosmosdb_name'))]"
            ],
            "properties": {
                "resource": {
                    "id": "SmartHomeAnalytics"
                }
            }
        },
        {
            "type": "Microsoft.DocumentDB/databaseAccounts/sqlRoleDefinitions",
            "apiVersion": "2024-09-01-preview",
            "name": "[concat(parameters('databaseAccounts_mysmarthomecosmosdb_name'), '/00000000-0000-0000-0000-000000000001')]",
            "dependsOn": [
                "[resourceId('Microsoft.DocumentDB/databaseAccounts', parameters('databaseAccounts_mysmarthomecosmosdb_name'))]"
            ],
            "properties": {
                "roleName": "Cosmos DB Built-in Data Reader",
                "type": "BuiltInRole",
                "assignableScopes": [
                    "[resourceId('Microsoft.DocumentDB/databaseAccounts', parameters('databaseAccounts_mysmarthomecosmosdb_name'))]"
                ],
                "permissions": [
                    {
                        "dataActions": [
                            "Microsoft.DocumentDB/databaseAccounts/readMetadata",
                            "Microsoft.DocumentDB/databaseAccounts/sqlDatabases/containers/executeQuery",
                            "Microsoft.DocumentDB/databaseAccounts/sqlDatabases/containers/readChangeFeed",
                            "Microsoft.DocumentDB/databaseAccounts/sqlDatabases/containers/items/read"
                        ],
                        "notDataActions": []
                    }
                ]
            }
        },
        {
            "type": "Microsoft.DocumentDB/databaseAccounts/sqlRoleDefinitions",
            "apiVersion": "2024-09-01-preview",
            "name": "[concat(parameters('databaseAccounts_mysmarthomecosmosdb_name'), '/00000000-0000-0000-0000-000000000002')]",
            "dependsOn": [
                "[resourceId('Microsoft.DocumentDB/databaseAccounts', parameters('databaseAccounts_mysmarthomecosmosdb_name'))]"
            ],
            "properties": {
                "roleName": "Cosmos DB Built-in Data Contributor",
                "type": "BuiltInRole",
                "assignableScopes": [
                    "[resourceId('Microsoft.DocumentDB/databaseAccounts', parameters('databaseAccounts_mysmarthomecosmosdb_name'))]"
                ],
                "permissions": [
                    {
                        "dataActions": [
                            "Microsoft.DocumentDB/databaseAccounts/readMetadata",
                            "Microsoft.DocumentDB/databaseAccounts/sqlDatabases/containers/*",
                            "Microsoft.DocumentDB/databaseAccounts/sqlDatabases/containers/items/*"
                        ],
                        "notDataActions": []
                    }
                ]
            }
        },
        {
            "type": "Microsoft.EventHub/namespaces/authorizationrules",
            "apiVersion": "2024-05-01-preview",
            "name": "[concat(parameters('namespaces_MySmartHomeNamespace_name'), '/adflisten')]",
            "location": "eastus",
            "dependsOn": [
                "[resourceId('Microsoft.EventHub/namespaces', parameters('namespaces_MySmartHomeNamespace_name'))]"
            ],
            "properties": {
                "rights": [
                    "Listen"
                ]
            }
        },
        {
            "type": "Microsoft.EventHub/namespaces/authorizationrules",
            "apiVersion": "2024-05-01-preview",
            "name": "[concat(parameters('namespaces_MySmartHomeNamespace_name'), '/RootManageSharedAccessKey')]",
            "location": "eastus",
            "dependsOn": [
                "[resourceId('Microsoft.EventHub/namespaces', parameters('namespaces_MySmartHomeNamespace_name'))]"
            ],
            "properties": {
                "rights": [
                    "Listen",
                    "Manage",
                    "Send"
                ]
            }
        },
        {
            "type": "Microsoft.EventHub/namespaces/eventhubs",
            "apiVersion": "2024-05-01-preview",
            "name": "[concat(parameters('namespaces_MySmartHomeNamespace_name'), '/mysmarthomeeventhub')]",
            "location": "eastus",
            "dependsOn": [
                "[resourceId('Microsoft.EventHub/namespaces', parameters('namespaces_MySmartHomeNamespace_name'))]"
            ],
            "properties": {
                "messageTimestampDescription": {
                    "timestampType": "LogAppend"
                },
                "retentionDescription": {
                    "cleanupPolicy": "Delete",
                    "retentionTimeInHours": 1
                },
                "messageRetentionInDays": 1,
                "partitionCount": 4,
                "status": "Active"
            }
        },
        {
            "type": "Microsoft.EventHub/namespaces/networkrulesets",
            "apiVersion": "2024-05-01-preview",
            "name": "[concat(parameters('namespaces_MySmartHomeNamespace_name'), '/default')]",
            "location": "eastus",
            "dependsOn": [
                "[resourceId('Microsoft.EventHub/namespaces', parameters('namespaces_MySmartHomeNamespace_name'))]"
            ],
            "properties": {
                "publicNetworkAccess": "Enabled",
                "defaultAction": "Allow",
                "virtualNetworkRules": [],
                "ipRules": [],
                "trustedServiceAccessEnabled": false
            }
        },
        {
            "type": "Microsoft.Storage/storageAccounts/blobServices",
            "apiVersion": "2023-05-01",
            "name": "[concat(parameters('storageAccounts_mysmarthomedatalake_name'), '/default')]",
            "dependsOn": [
                "[resourceId('Microsoft.Storage/storageAccounts', parameters('storageAccounts_mysmarthomedatalake_name'))]"
            ],
            "sku": {
                "name": "Standard_LRS",
                "tier": "Standard"
            },
            "properties": {
                "containerDeleteRetentionPolicy": {
                    "enabled": true,
                    "days": 7
                },
                "cors": {
                    "corsRules": []
                },
                "deleteRetentionPolicy": {
                    "allowPermanentDelete": false,
                    "enabled": true,
                    "days": 7
                }
            }
        },
        {
            "type": "Microsoft.Storage/storageAccounts/fileServices",
            "apiVersion": "2023-05-01",
            "name": "[concat(parameters('storageAccounts_mysmarthomedatalake_name'), '/default')]",
            "dependsOn": [
                "[resourceId('Microsoft.Storage/storageAccounts', parameters('storageAccounts_mysmarthomedatalake_name'))]"
            ],
            "sku": {
                "name": "Standard_LRS",
                "tier": "Standard"
            },
            "properties": {
                "protocolSettings": {
                    "smb": {}
                },
                "cors": {
                    "corsRules": []
                },
                "shareDeleteRetentionPolicy": {
                    "enabled": true,
                    "days": 7
                }
            }
        },
        {
            "type": "Microsoft.Storage/storageAccounts/queueServices",
            "apiVersion": "2023-05-01",
            "name": "[concat(parameters('storageAccounts_mysmarthomedatalake_name'), '/default')]",
            "dependsOn": [
                "[resourceId('Microsoft.Storage/storageAccounts', parameters('storageAccounts_mysmarthomedatalake_name'))]"
            ],
            "properties": {
                "cors": {
                    "corsRules": []
                }
            }
        },
        {
            "type": "Microsoft.Storage/storageAccounts/tableServices",
            "apiVersion": "2023-05-01",
            "name": "[concat(parameters('storageAccounts_mysmarthomedatalake_name'), '/default')]",
            "dependsOn": [
                "[resourceId('Microsoft.Storage/storageAccounts', parameters('storageAccounts_mysmarthomedatalake_name'))]"
            ],
            "properties": {
                "cors": {
                    "corsRules": []
                }
            }
        },
        {
            "type": "Microsoft.StreamAnalytics/streamingjobs/inputs",
            "apiVersion": "2021-10-01-preview",
            "name": "[concat(parameters('streamingjobs_MySmartHomeStreamAnalytics_name'), '/input-eventhub')]",
            "dependsOn": [
                "[resourceId('Microsoft.StreamAnalytics/streamingjobs', parameters('streamingjobs_MySmartHomeStreamAnalytics_name'))]"
            ],
            "properties": {
                "type": "Stream",
                "datasource": {
                    "type": "Microsoft.EventHub/EventHub",
                    "properties": {
                        "eventHubName": "mysmarthomeeventhub",
                        "serviceBusNamespace": "MySmartHomeNamespace",
                        "sharedAccessPolicyName": "RootManageSharedAccessKey",
                        "authenticationMode": "ConnectionString"
                    }
                },
                "compression": {
                    "type": "None"
                },
                "serialization": {
                    "type": "Json",
                    "properties": {
                        "encoding": "UTF8"
                    }
                }
            }
        },
        {
            "type": "Microsoft.StreamAnalytics/streamingjobs/outputs",
            "apiVersion": "2021-10-01-preview",
            "name": "[concat(parameters('streamingjobs_MySmartHomeStreamAnalytics_name'), '/output-adls')]",
            "dependsOn": [
                "[resourceId('Microsoft.StreamAnalytics/streamingjobs', parameters('streamingjobs_MySmartHomeStreamAnalytics_name'))]"
            ],
            "properties": {
                "datasource": {
                    "type": "Microsoft.Storage/Blob",
                    "properties": {
                        "blobPathPrefix": "processed-data/{date}/{time}",
                        "blobWriteMode": "Once",
                        "storageAccounts": [
                            {
                                "accountName": "mysmarthomedatalake"
                            }
                        ],
                        "container": "processed-data",
                        "pathPattern": "processed-data/{date}/{time}",
                        "dateFormat": "yyyy/MM/dd",
                        "timeFormat": "HH",
                        "authenticationMode": "ConnectionString"
                    }
                },
                "timeWindow": "01:00:00",
                "sizeWindow": 2000,
                "serialization": {
                    "type": "Json",
                    "properties": {
                        "encoding": "UTF8",
                        "format": "LineSeparated"
                    }
                }
            }
        },
        {
            "type": "Microsoft.StreamAnalytics/streamingjobs/outputs",
            "apiVersion": "2021-10-01-preview",
            "name": "[concat(parameters('streamingjobs_MySmartHomeStreamAnalytics_name'), '/output-cosmosdb')]",
            "dependsOn": [
                "[resourceId('Microsoft.StreamAnalytics/streamingjobs', parameters('streamingjobs_MySmartHomeStreamAnalytics_name'))]"
            ],
            "properties": {
                "datasource": {
                    "type": "Microsoft.Storage/DocumentDB",
                    "properties": {
                        "collectionNamePattern": "ProcessedData",
                        "documentId": "device_id",
                        "accountId": "mysmarthomecosmosdb",
                        "database": "SmartHomeAnalytics",
                        "authenticationMode": "ConnectionString"
                    }
                }
            }
        },
        {
            "type": "Microsoft.DocumentDB/databaseAccounts/sqlDatabases/containers",
            "apiVersion": "2024-09-01-preview",
            "name": "[concat(parameters('databaseAccounts_mysmarthomecosmosdb_name'), '/SmartHomeAnalytics/ProcessedData')]",
            "dependsOn": [
                "[resourceId('Microsoft.DocumentDB/databaseAccounts/sqlDatabases', parameters('databaseAccounts_mysmarthomecosmosdb_name'), 'SmartHomeAnalytics')]",
                "[resourceId('Microsoft.DocumentDB/databaseAccounts', parameters('databaseAccounts_mysmarthomecosmosdb_name'))]"
            ],
            "properties": {
                "resource": {
                    "id": "ProcessedData",
                    "indexingPolicy": {
                        "indexingMode": "consistent",
                        "automatic": true,
                        "includedPaths": [
                            {
                                "path": "/*"
                            }
                        ],
                        "excludedPaths": [
                            {
                                "path": "/\"_etag\"/?"
                            }
                        ]
                    },
                    "partitionKey": {
                        "paths": [
                            "/device_id"
                        ],
                        "kind": "Hash",
                        "version": 2
                    },
                    "uniqueKeyPolicy": {
                        "uniqueKeys": []
                    },
                    "conflictResolutionPolicy": {
                        "mode": "LastWriterWins",
                        "conflictResolutionPath": "/_ts"
                    },
                    "computedProperties": []
                }
            }
        },
        {
            "type": "Microsoft.DocumentDB/databaseAccounts/sqlDatabases/throughputSettings",
            "apiVersion": "2024-09-01-preview",
            "name": "[concat(parameters('databaseAccounts_mysmarthomecosmosdb_name'), '/SmartHomeAnalytics/default')]",
            "dependsOn": [
                "[resourceId('Microsoft.DocumentDB/databaseAccounts/sqlDatabases', parameters('databaseAccounts_mysmarthomecosmosdb_name'), 'SmartHomeAnalytics')]",
                "[resourceId('Microsoft.DocumentDB/databaseAccounts', parameters('databaseAccounts_mysmarthomecosmosdb_name'))]"
            ],
            "properties": {
                "resource": {
                    "throughput": 100,
                    "autoscaleSettings": {
                        "maxThroughput": 1000
                    }
                }
            }
        },
        {
            "type": "Microsoft.EventHub/namespaces/eventhubs/authorizationrules",
            "apiVersion": "2024-05-01-preview",
            "name": "[concat(parameters('namespaces_MySmartHomeNamespace_name'), '/mysmarthomeeventhub/read_write')]",
            "location": "eastus",
            "dependsOn": [
                "[resourceId('Microsoft.EventHub/namespaces/eventhubs', parameters('namespaces_MySmartHomeNamespace_name'), 'mysmarthomeeventhub')]",
                "[resourceId('Microsoft.EventHub/namespaces', parameters('namespaces_MySmartHomeNamespace_name'))]"
            ],
            "properties": {
                "rights": [
                    "Listen",
                    "Send"
                ]
            }
        },
        {
            "type": "Microsoft.EventHub/namespaces/eventhubs/consumergroups",
            "apiVersion": "2024-05-01-preview",
            "name": "[concat(parameters('namespaces_MySmartHomeNamespace_name'), '/mysmarthomeeventhub/$Default')]",
            "location": "eastus",
            "dependsOn": [
                "[resourceId('Microsoft.EventHub/namespaces/eventhubs', parameters('namespaces_MySmartHomeNamespace_name'), 'mysmarthomeeventhub')]",
                "[resourceId('Microsoft.EventHub/namespaces', parameters('namespaces_MySmartHomeNamespace_name'))]"
            ],
            "properties": {}
        }
    ]
}